{
  "summary": {
    "total_records": 500,
    "calculation_accuracy": "97.60%",
    "correct_calculations": 488,
    "calculation_errors": 12,
    "priors_calculated": 6,
    "likelihood_ratios_calculated": 17
  },
  "priors": {
    "by_model": {
      "Expedition": {
        "mean": 0.16,
        "std": 0.0,
        "count": 868.0
      },
      "Explorer": {
        "mean": 0.12,
        "std": 0.0,
        "count": 815.0
      },
      "F-150": {
        "mean": 0.15,
        "std": 0.0,
        "count": 827.0
      },
      "F-250": {
        "mean": 0.18,
        "std": 0.0,
        "count": 873.0
      },
      "F-350": {
        "mean": 0.2,
        "std": 0.0,
        "count": 827.0
      },
      "Ranger": {
        "mean": 0.12,
        "std": 0.0,
        "count": 790.0
      }
    },
    "by_age": {
      "1": {
        "mean": 0.1552813504823151,
        "std": 0.029191320072986283,
        "count": 1244.0
      },
      "2": {
        "mean": 0.15538402457757297,
        "std": 0.028661640112195137,
        "count": 1302.0
      },
      "3": {
        "mean": 0.1566996699669967,
        "std": 0.029265699307557184,
        "count": 1212.0
      },
      "4": {
        "mean": 0.15512882447665055,
        "std": 0.02922349054690687,
        "count": 1242.0
      }
    },
    "by_climate": {
      "coastal_hot": {
        "mean": 0.1545358306188925,
        "std": 0.029102794285958723,
        "count": 1228.0
      },
      "coastal_moderate": {
        "mean": 0.15600814663951118,
        "std": 0.030053556528761006,
        "count": 491.0
      },
      "inland_hot": {
        "mean": 0.15531894013738962,
        "std": 0.02862554371366758,
        "count": 1019.0
      },
      "inland_moderate": {
        "mean": 0.15631077694235587,
        "std": 0.029171503028034285,
        "count": 1995.0
      },
      "mountain_cool": {
        "mean": 0.15576779026217227,
        "std": 0.02819891768548106,
        "count": 267.0
      }
    },
    "by_vehicle_type": {
      "light": {
        "mean": 0.13534322820037106,
        "std": 0.015000711788986336,
        "count": 1617.0
      },
      "midweight": {
        "mean": 0.1897294117647059,
        "std": 0.009999279827268417,
        "count": 1700.0
      },
      "suv": {
        "mean": 0.14062982768865123,
        "std": 0.019996021938650833,
        "count": 1683.0
      }
    }
  },
  "likelihood_ratios": {
    "temperature_stress": {
      "0-0.05": {
        "mean_combined_lr": 4.1325755800328094,
        "count": 4267,
        "avg_posterior": 0.42759268807124445
      },
      "0.05-0.1": {
        "mean_combined_lr": 3.9571489361702126,
        "count": 235,
        "avg_posterior": 0.43985531914893605
      },
      "0.1-0.15": {
        "mean_combined_lr": 4.139277108433734,
        "count": 498,
        "avg_posterior": 0.3966967871485944
      }
    },
    "short_trip_percentage": {
      "0-0.2": {
        "mean_combined_lr": 2.5050024912805178,
        "count": 2007,
        "avg_posterior": 0.37482112605879414
      },
      "0.2-0.4": {
        "mean_combined_lr": 2.5550863885377164,
        "count": 2373,
        "avg_posterior": 0.3757117572692794
      },
      "0.4-0.6": {
        "mean_combined_lr": 15.630942760942759,
        "count": 297,
        "avg_posterior": 0.7657979797979798
      },
      "0.6-0.8": {
        "mean_combined_lr": 15.13385350318471,
        "count": 314,
        "avg_posterior": 0.787031847133758
      },
      "0.8-1.0": {
        "mean_combined_lr": 15.534444444444444,
        "count": 9,
        "avg_posterior": 0.7843333333333332
      }
    },
    "start_cycles": {
      "0-1500": {
        "mean_combined_lr": 5.431928294573644,
        "count": 1032,
        "avg_posterior": 0.4423759689922481
      },
      "1500-2000": {
        "mean_combined_lr": 5.393006993006993,
        "count": 1001,
        "avg_posterior": 0.4362807192807193
      },
      "2000-2500": {
        "mean_combined_lr": 2.16,
        "count": 397,
        "avg_posterior": 0.39389672544080606
      },
      "2500-3000": {
        "mean_combined_lr": 2.1600000000000006,
        "count": 1966,
        "avg_posterior": 0.39498728382502535
      },
      "3000-5000": {
        "mean_combined_lr": 7.478079470198673,
        "count": 604,
        "avg_posterior": 0.4955099337748344
      }
    },
    "combined_patterns": {
      "0_stressors": {
        "mean_combined_lr": 1.0,
        "count": 922,
        "avg_posterior": 0.17985140997830804
      },
      "1_stressors": {
        "mean_combined_lr": 2.940647773279352,
        "count": 3458,
        "avg_posterior": 0.4274167148640832
      },
      "2_stressors": {
        "mean_combined_lr": 12.349999999999996,
        "count": 489,
        "avg_posterior": 0.7572167689161554
      },
      "3_stressors": {
        "mean_combined_lr": 26.680000000000007,
        "count": 131,
        "avg_posterior": 0.85
      }
    }
  },
  "validation": {
    "total_checked": 500,
    "correct_calculations": 488,
    "calculation_errors": [
      {
        "index": 1615,
        "base_prior": 0.12,
        "adjusted_prior": 0.25,
        "combined_lr": 26.68,
        "actual_posterior": 0.85,
        "expected_posterior": 0.898921832884097,
        "difference": 0.048921832884097016
      },
      {
        "index": 4878,
        "base_prior": 0.12,
        "adjusted_prior": 0.234,
        "combined_lr": 26.68,
        "actual_posterior": 0.85,
        "expected_posterior": 0.8907138128609583,
        "difference": 0.04071381286095832
      },
      {
        "index": 2804,
        "base_prior": 0.12,
        "adjusted_prior": 0.187,
        "combined_lr": 26.68,
        "actual_posterior": 0.85,
        "expected_posterior": 0.859879768913646,
        "difference": 0.009879768913646059
      },
      {
        "index": 999,
        "base_prior": 0.12,
        "adjusted_prior": 0.18,
        "combined_lr": 26.68,
        "actual_posterior": 0.85,
        "expected_posterior": 0.8541548093340922,
        "difference": 0.00415480933409218
      },
      {
        "index": 3653,
        "base_prior": 0.12,
        "adjusted_prior": 0.25,
        "combined_lr": 26.68,
        "actual_posterior": 0.85,
        "expected_posterior": 0.898921832884097,
        "difference": 0.048921832884097016
      },
      {
        "index": 691,
        "base_prior": 0.12,
        "adjusted_prior": 0.25,
        "combined_lr": 26.68,
        "actual_posterior": 0.85,
        "expected_posterior": 0.898921832884097,
        "difference": 0.048921832884097016
      },
      {
        "index": 416,
        "base_prior": 0.12,
        "adjusted_prior": 0.18,
        "combined_lr": 26.68,
        "actual_posterior": 0.85,
        "expected_posterior": 0.8541548093340922,
        "difference": 0.00415480933409218
      },
      {
        "index": 414,
        "base_prior": 0.2,
        "adjusted_prior": 0.25,
        "combined_lr": 26.68,
        "actual_posterior": 0.85,
        "expected_posterior": 0.898921832884097,
        "difference": 0.048921832884097016
      },
      {
        "index": 485,
        "base_prior": 0.2,
        "adjusted_prior": 0.25,
        "combined_lr": 26.68,
        "actual_posterior": 0.85,
        "expected_posterior": 0.898921832884097,
        "difference": 0.048921832884097016
      },
      {
        "index": 2292,
        "base_prior": 0.18,
        "adjusted_prior": 0.25,
        "combined_lr": 26.68,
        "actual_posterior": 0.85,
        "expected_posterior": 0.898921832884097,
        "difference": 0.048921832884097016
      },
      {
        "index": 1874,
        "base_prior": 0.15,
        "adjusted_prior": 0.25,
        "combined_lr": 26.68,
        "actual_posterior": 0.85,
        "expected_posterior": 0.898921832884097,
        "difference": 0.048921832884097016
      },
      {
        "index": 4139,
        "base_prior": 0.12,
        "adjusted_prior": 0.234,
        "combined_lr": 26.68,